	auROC	auPRC	recallAtFDR50	recallAtFDR25	recallAtFDR10	recallAtFDR05
0	0.9512420155595807	0.08265845619108866	0.0009765625	0.000732421875	0.000732421875	0.000732421875
