	pos	neg	amb	pos%	neg%	amb%
ENCSR000EAG	10269.0	4853499.0		0.002111326033643052	0.9978886739663569	
