	pos	neg	amb	pos%	neg%	amb%
ENCSR000EAG	137157.0	3089177.0		0.04251171763369818	0.9574882823663018	
