	pos	neg	amb	pos%	neg%	amb%
ENCSR000EAG	254053.0	2597911.0		0.08908001643779515	0.9109199835622048	
