	auROC	auPRC	recall@50%FDR	recall@25%FDR	recall@10%FDR
0	0.9505035427013173	0.05994730265454354	0.017341040462427744	0.0	0.0
