	pos	neg	amb	pos%	neg%	amb%
ENCSR000EYV	13792.0	3118857.0		0.004402663688143804	0.9955973363118562	
ENCSR000DYS	35341.0	2947001.0	150307.0	0.011281506482213615	0.9407376951583148	0.047980798359471485
