	pos	neg	amb	pos%	neg%	amb%
ENCSR000EAG	2429250.0	2597911.0		0.4832250250190913	0.5167749749809087	
