	auROC	auPRC	recallAtFDR50	recallAtFDR25	recallAtFDR10	recallAtFDR05
0	0.9514803816260922	0.04915725940443101	0.0	0.0	0.0	0.0
