	pos	neg	amb	pos%	neg%	amb%
ENCSR000BGQ	199603.0	2594249.0		0.0714436555694432	0.9285563444305568	
