	pos	neg	amb	pos%	neg%	amb%
ENCSR000EBW	29348.0	24276.0		0.5472922571982695	0.4527077428017306	
