	pos	neg	amb	pos%	neg%	amb%
ENCSR663WAR	14293.0	14707.0		0.49286206896551726	0.5071379310344828	
