	pos	neg	amb	pos%	neg%	amb%
ENCSR000EAG	13720.0	13324.0		0.5073214021594439	0.4926785978405561	
