	pos	neg	amb	pos%	neg%	amb%
Merged	6650.0	7840.0		0.45893719806763283	0.5410628019323671	
