	auROC	auPRC	recallAtFDR50	recallAtFDR25	recallAtFDR10	recallAtFDR05
0	0.9228281241711279	0.0426574559820023	0.000244140625	0.000244140625	0.000244140625	0.000244140625
