	auROC	auPRC	recallAtFDR50	recallAtFDR25	recallAtFDR10	recallAtFDR05
0	0.9358431842370895	0.09645822666786014	0.04731766124171188	0.0	0.0	0.0
