	pos	neg	amb	pos%	neg%	amb%
ENCSR000BLP	48484.0	35158.0		0.5796609358934507	0.42033906410654936	
