	pos	neg	amb	pos%	neg%	amb%
ENCSR000BMT	173.0	232329.0	10687.0	0.0007113808601540366	0.9553433749059373	0.04394524423390861
