	pos	neg	amb	pos%	neg%	amb%
ENCSR000BGQ	1827095.0	2594249.0		0.4132442533311138	0.5867557466688862	
