	pos	neg	amb	pos%	neg%	amb%		auROC	auPRC	recallAtFDR50	recallAtFDR25	recallAtFDR10	recallAtFDR05
ENCSR332EYT	4856.0	4513509.0	345403.0	0.0009984028843481021	0.9279860799281545	0.07101551718749743	0	0.9478157339103485	0.17340300386886906	0.022240527182866558	0.002059308072487644	0.00020593080724876442	0.00020593080724876442
