	pos	neg	amb	pos%	neg%	amb%
ENCSR332EYT	79845.0	2901277.0	190679.0	0.02517339517832298	0.9147096554922581	0.060116949329418835
