	pos	neg	amb	pos%	neg%	amb%
ENCSR000BGQ	108101.0	3084716.0		0.03385756214653079	0.9661424378534692	
