	pos	neg	amb	pos%	neg%	amb%
Merged	661851.0	2478517.0	122496.0	0.2028435754600866	0.7596139465206028	0.03754247801931064
