	auROC	auPRC	recallAtFDR50	recallAtFDR25	recallAtFDR10	recallAtFDR05
0	0.9409840316412783	0.0694005718118122	0.002685546875	0.0	0.0	0.0
