	auROC	auPRC	recallAtFDR50	recallAtFDR25	recallAtFDR10	recallAtFDR05
0	0.8283887821511785	0.009972482141622092	0.0009765625	0.0	0.0	0.0
