	auROC	auPRC	recallAtFDR50	recallAtFDR25	recallAtFDR10	recallAtFDR05
0	0.9015731148543026	0.15318708303508924	0.07523085279739272	0.0	0.0	0.0
