	pos	neg	amb	pos%	neg%	amb%
ENCSR000BGQ	35069.0	22583.0		0.6082876569763408	0.3917123430236592	
