	pos	neg	amb	pos%	neg%	amb%		auROC	auPRC	recallAtFDR50	recallAtFDR25	recallAtFDR10	recallAtFDR05
ENCSR000AKB	24019.0	4727735.0	233039.0	0.004818454848576461	0.948431559745811	0.04674998540561263	0	0.9811472203037142	0.6106928469478683	0.6286273366917857	0.4642574628419168	0.32545068487447437	0.20437986593946458
ENCSR000BJE	2451.0	4774411.0	207931.0	0.0004916954425188769	0.9577952384381859	0.041713066119295227	1	0.9825213009386802	0.3782754022769772	0.35822113423092616	0.19298245614035087	0.08567931456548347	0.059567523459812324
ENCSR000DZL	21751.0	4800864.0	162178.0	0.004363471060884574	0.9631019783569749	0.032534550582140526	2	0.9683544260414039	0.471613665465286	0.45722035768470415	0.27244724380488256	0.13378695232403107	0.06799687370695601
