	pos	neg	amb	pos%	neg%	amb%
ENCSR000EYV	13792.0	3118857.0		0.004402663688143804	0.9955973363118562	
ENCSR000DYS	35341.0	2947001.0	150307.0	0.011281506482213615	0.9407376951583148	0.047980798359471485
	pos	neg	amb	pos%	neg%	amb%
ENCSR000EYV	26343.0	2646333.0		0.009856413572015462	0.9901435864279845	
ENCSR000DYS	63436.0	2480367.0	128873.0	0.023735013147871274	0.9280462727244155	0.0482187141277132
	pos	neg	amb	pos%	neg%	amb%
Merged	661851.0	2478517.0	122496.0	0.2028435754600866	0.7596139465206028	0.03754247801931064
