	pos	neg	amb	pos%	neg%	amb%
ENCSR000EAG	137157.0	3089177.0		0.04251171763369818	0.9574882823663018	
	pos	neg	amb	pos%	neg%	amb%
ENCSR000EAG	254053.0	2597911.0		0.08908001643779515	0.9109199835622048	
	pos	neg	amb	pos%	neg%	amb%
ENCSR000EAG	2429250.0	2597911.0		0.4832250250190913	0.5167749749809087	
