	pos	neg	amb	pos%	neg%	amb%
ENCSR000BGQ	108101.0	3084716.0		0.03385756214653079	0.9661424378534692	
	pos	neg	amb	pos%	neg%	amb%
ENCSR000BGQ	199603.0	2594249.0		0.0714436555694432	0.9285563444305568	
	pos	neg	amb	pos%	neg%	amb%
ENCSR000BGQ	1827095.0	2594249.0		0.4132442533311138	0.5867557466688862	
