	pos	neg	amb	pos%	neg%	amb%
ENCSR332EYT	79845.0	2901277.0	190679.0	0.02517339517832298	0.9147096554922581	0.060116949329418835
	pos	neg	amb	pos%	neg%	amb%
ENCSR332EYT	148482.0	2443170.0	156948.0	0.05402095612311723	0.888877974241432	0.05710106963545077
	pos	neg	amb	pos%	neg%	amb%
ENCSR332EYT	1422619.0	2443170.0	156948.0	0.35364454598945944	0.6073402263185488	0.0390152276919918
