	pos	neg	amb	pos%	neg%	amb%
ENCSR000EYV	26343.0	2646333.0		0.009856413572015462	0.9901435864279845	
ENCSR000DYS	63436.0	2480367.0	128873.0	0.023735013147871274	0.9280462727244155	0.0482187141277132
