	auROC	auPRC	recallAtFDR50	recallAtFDR25	recallAtFDR10	recallAtFDR05
0	0.9202395155350346	0.0766605519961478	0.00019476093095724997	0.0	0.0	0.0
