	auROC	auPRC	recallAtFDR50	recallAtFDR25	recallAtFDR10	recallAtFDR05
0	0.9281463080123585	0.2691520174677818	0.24059685071855877	0.11043113525407412	0.0	0.0
