	pos	neg	amb	pos%	neg%	amb%
ENCSR936XTK	296320.0	2499122.0	93740.0	0.10256190160398342	0.8649929287943785	0.03244516960163811
