	pos	neg	amb	pos%	neg%	amb%
ENCSR332EYT	1422619.0	2443170.0	156948.0	0.35364454598945944	0.6073402263185488	0.0390152276919918
