	auROC	auPRC	recallAtFDR50	recallAtFDR25	recallAtFDR10	recallAtFDR05
0	0.9545544791194348	0.15110187113967716	0.0	0.0	0.0	0.0
