	auROC	auPRC	recallAtFDR50	recallAtFDR25	recallAtFDR10	recallAtFDR05
0	0.94730149799364	0.10218420812237855	0.0017528483786152498	0.0	0.0	0.0
