	auROC	auPRC	recallAtFDR50	recallAtFDR25	recallAtFDR10	recallAtFDR05
0	0.9482998039108632	0.11857796832783757	0.0	0.0	0.0	0.0
