	pos	neg	amb	pos%	neg%	amb%
ENCSR332EYT	148482.0	2443170.0	156948.0	0.05402095612311723	0.888877974241432	0.05710106963545077
