	pos	neg	amb	pos%	neg%	amb%
ENCSR000DZN	35895.0	25277.0		0.5867880729745635	0.41321192702543647	
