	pos	neg	amb	pos%	neg%	amb%
ENCSR332EYT	7422.0	9249.0		0.44520424689580707	0.5547957531041929	
