	auROC	auPRC	recallAtFDR50	recallAtFDR25	recallAtFDR10	recallAtFDR05
0	0.9456267052234508	0.13224610687018334	0.0	0.0	0.0	0.0
