	auROC	auPRC	recallAtFDR50	recallAtFDR25	recallAtFDR10	recallAtFDR05
0	0.9647456531357945	0.22957812128626953	0.11770776751765345	0.0	0.0	0.0
